{"cameraMode":{"drawMode":0,"name":"Shaded","section":"Shading Mode"},"sceneLighting":true,"audioPlay":false,"sceneViewState":{"showFog":true,"showMaterialUpdate":false,"showSkybox":true,"showFlares":true,"showImageEffects":true,"showParticleSystems":true},"in2DMode":false,"pivot":{"x":5.6381988525390629,"y":-2.2144694328308107,"z":-5.528665065765381},"rotation":{"x":-0.05012217536568642,"y":-0.5210065841674805,"z":0.030705643817782403,"w":-0.8516523838043213},"size":12.871508598327637,"orthographic":false}