{"cameraMode":{"drawMode":0,"name":"Shaded","section":"Shading Mode"},"sceneLighting":true,"audioPlay":false,"sceneViewState":{"showFog":true,"showMaterialUpdate":false,"showSkybox":true,"showFlares":true,"showImageEffects":true,"showParticleSystems":true},"in2DMode":false,"pivot":{"x":15.252172470092774,"y":-6.444462776184082,"z":-0.13069415092468263},"rotation":{"x":0.011192002333700657,"y":-0.9571307301521301,"z":0.03611147031188011,"w":0.28762581944465639},"size":2.323099136352539,"orthographic":false}